id,gt,league,home,away,hc,folder,score,totalGoals,size,predict,correct,lamTotal,lam
508439,20260716 23:00,欧洲协会联赛,艾利美,艾拉斯克特,2.25,20260717_230032,-,-,,小,,2.393,2.408
508437,20260716 23:00,欧洲协会联赛,艾斯坦拿,戴拿模城,2.50,20260717_230032,-,-,,大,,2.857,2.846
508438,20260716 23:00,欧洲协会联赛,英特杜古,萨拉热窝,2.50,20260717_230032,-,-,,大,,2.744,2.753
508441,20260716 23:59,欧洲协会联赛,派德,赫格曼,2.50,20260715_010040,-,-,,大,,2.798,2.730
508440,20260716 23:59,欧洲协会联赛,伊斯韦斯,迪费丹治,2.75,20260715_010040,-,-,,大,,2.961,2.919
508443,20260716 23:59,欧洲协会联赛,圣若瑟FC,波希米亚人,3.00,20260715_010040,-,-,,大,,3.159,3.150
508444,20260716 23:59,欧洲协会联赛,古泰斯鱼雷,施拉,2.25,20260715_010040,-,-,,大,,2.500,2.536
508442,20260716 23:59,欧洲协会联赛,佩历克,马沙斯洛克,2.75,20260715_010040,-,-,,小,,2.733,2.876
508445,20260717 00:30,欧洲协会联赛,塔林利华戴亚,卡纳芬,3.25,20260715_010040,-,-,,小,,3.287,3.302
508446,20260717 00:30,欧洲协会联赛,列加斯,格兰杜兰,2.75,20260715_010040,-,-,,大,,2.989,2.951
508274,20260717 01:00,挪威超级联赛,华拿伦加,阿利辛特,3.25,20260715_020042,-,-,,小,,3.324,3.350
508449,20260717 01:00,欧洲协会联赛,第比利斯戴拿模,蒙多夫莱班,3.00,20260715_020042,-,-,,小,,3.116,3.101
508450,20260717 01:00,欧洲协会联赛,FC圣达哥林玛,宾尼邦特,2.25,20260715_020042,-,-,,大,,2.427,2.456
508448,20260717 01:00,欧洲协会联赛,巴迪,艾巴辛尼,2.25,20260715_020042,-,-,,大,,2.446,2.466
508452,20260717 01:00,欧洲协会联赛,萨基列斯,帕度华,2.75,20260715_020042,-,-,,大,,2.979,2.940
508447,20260717 01:00,欧洲协会联赛,维京加高泰,史达兰,3.00,20260715_020042,-,-,,小,,3.073,3.229
508451,20260717 01:00,欧洲协会联赛,米尔沙米,韦利斯莫斯达,2.00,20260715_020042,-,-,,大,,2.253,2.235
508453,20260717 01:30,欧洲协会联赛,咸伦斯巴达,NSI鲁纳维克,2.50,20260715_020042,-,-,,小,,2.622,2.618
508403,20260717 01:30,欧洲联赛,克鲁日大学,基辅戴拿模,2.50,20260715_020042,-,-,,小,,2.575,2.564
508402,20260717 01:30,欧洲联赛,德利城,索菲亚中央陆军,2.50,20260715_020042,-,-,,大,,2.749,2.753
508404,20260717 02:00,欧洲联赛,亚鲁米尼,舒列夫,2.25,20260715_030040,-,-,,小,,2.386,2.418
508454,20260717 02:00,欧洲协会联赛,巴尔干尼,康纳斯码头,3.00,20260715_030040,-,-,,大,,3.161,3.150
508456,20260717 02:00,欧洲协会联赛,施历斯,明斯克戴拿模,2.25,20260715_030040,-,-,,小,,2.291,2.323
508455,20260717 02:00,欧洲协会联赛,舒肯迪亚,乌路柏,3.00,20260715_030040,-,-,,大,,3.220,3.209
508405,20260717 02:15,欧洲联赛,费伦斯华路士,禾获甸拿,3.25,20260715_030040,-,-,,小,,3.122,3.500
508406,20260717 02:30,欧洲联赛,斯利纳,夏积杜克,2.50,20260715_030040,-,-,,大,,2.727,2.719
508457,20260717 02:45,欧洲协会联赛,莫尔纳,艾斯卡迪斯体育会,2.25,20260715_030040,-,-,,大,,2.426,2.476
508458,20260717 02:45,欧洲协会联赛,连菲特,卡里鲁,2.00,20260715_030040,-,-,,大,,2.296,2.179
508459,20260717 03:00,欧洲协会联赛,维图斯,迪拿哥里,2.75,20260715_040040,-,-,,大,,3.056,3.017
508407,20260717 04:00,欧洲联赛,韦斯迪利,卡拉巴克,3.25,20260715_050038,-,-,,小,,3.394,3.348
506217,20260717 05:45,阿根廷杯,竞赛会,防卫者,2.25,20260715_070040,-,-,,小,,2.370,2.403
508282,20260717 06:30,巴西甲组联赛,保地花高,山度士,2.50,20260715_070040,-,-,,大,,2.739,2.718
508283,20260717 06:30,巴西甲组联赛,维多利亚,华斯高,2.25,20260715_070040,-,-,,大,,2.502,2.532
508292,20260717 07:00,巴西乙组联赛,CRB,纽迪高,2.50,20260715_080038,-,-,,大,,2.710,2.730
508356,20260717 07:30,美国职业大联盟联赛,CF蒙特利尔,多伦多FC,3.00,20260715_080038,-,-,,小,,3.087,3.083
508358,20260717 08:30,美国职业大联盟联赛,圣路易斯城SC,肯萨斯体育会,3.50,20260715_090038,-,-,,小,,3.548,3.545
508357,20260717 08:30,美国职业大联盟联赛,芝加哥火焰,温哥华白帽,3.25,20260717_050030,-,-,,小,,3.262,3.427
508853,20260717 08:45,阿根廷杯,沙米恩图,小保加,2.00,20260715_090038,-,-,,大,,2.179,2.172
508484,20260717 09:00,墨西哥超级联赛,尼卡沙,阿兰特,2.75,20260715_100037,-,-,,小,,2.896,2.898
508359,20260717 10:30,美国职业大联盟联赛,西雅图海湾者,波特兰伐木者,3.25,20260715_110040,-,-,,大,,3.487,3.509
508485,20260717 11:00,墨西哥超级联赛,堤华纳,堤格雷斯,2.50,20260715_120038,-,-,,大,,2.801,2.773
508176,20260717 17:55,南韩女子职业联赛,水原FC女足,华川KSPO女足,2.75,20260716_210040,-,-,,小,,2.772,2.805
508152,20260717 19:00,中国超级联赛,青岛西海岸,成都蓉城,3.00,20260716_220039,-,-,,小,,3.053,3.081
508148,20260717 19:35,中国超级联赛,河南队,青岛海牛,2.75,20260716_220039,-,-,,大,,3.064,3.072
508149,20260717 19:35,中国超级联赛,北京国安,辽宁铁人,3.25,20260716_220039,-,-,,小,,3.396,3.523
508150,20260717 20:00,中国超级联赛,云南玉昆,上海海港,3.25,20260716_220039,-,-,,大,,3.434,3.464
510127,20260717 20:00,球会友谊赛,米迪兰特,奥丹斯,2.75,20260717_160030,-,-,,大,,3.127,3.100
508241,20260718 01:00,瑞典超级联赛,米赞比,华斯特罗斯,2.75,20260716_020040,-,-,,大,,2.991,2.963
508240,20260718 01:00,瑞典超级联赛,哥登堡,庞马普卡纳,2.75,20260716_020040,-,-,,大,,3.028,3.005
508275,20260718 01:15,挪威超级联赛,波杜基林特,费德列斯达,3.75,20260716_020040,-,-,,小,,3.880,3.868
509327,20260718 01:55,乌拉圭甲组联赛,艾比安FC,拿斯派达斯青年,2.25,20260716_220039,-,-,,小,,2.339,2.370
510128,20260718 02:45,球会友谊赛,赫斯,华历简奴,2.50,20260717_160030,-,-,,大,,2.800,2.796
509720,20260718 02:45,球会友谊赛,宾菲加,维拉利尔,2.75,20260716_220039,-,-,,大,,3.064,2.867
506220,20260718 05:45,阿根廷杯,圣罗伦素,莱斯查,1.75,20260716_060036,-,-,,小,,1.873,1.854
508293,20260718 06:00,巴西乙组联赛,青年队,古亚巴,1.75,20260716_070041,-,-,,大,,1.978,1.922
508295,20260718 06:00,巴西乙组联赛,阿美利加明尼路,施亚拉,2.25,20260716_070041,-,-,,小,,2.290,2.256
508294,20260718 06:00,巴西乙组联赛,圣贝拿度,艾华尔,2.25,20260716_070041,-,-,,小,,2.375,2.425
509328,20260718 06:25,乌拉圭甲组联赛,蒙特维多国民队,蒙特维多流浪,2.50,20260716_220039,-,-,,小,,2.668,2.652
509666,20260718 06:30,巴西甲组联赛,巴希亚,查比高恩斯,3.00,20260716_070041,-,-,,小,,3.127,3.108
508284,20260718 07:00,巴西甲组联赛,米拉索,甘美奥,2.25,20260716_080037,-,-,,大,,2.422,2.420
508285,20260718 07:00,巴西甲组联赛,富明尼斯,巴拉干天奴,2.25,20260716_080037,-,-,,大,,2.461,2.463
508296,20260718 08:00,巴西乙组联赛,科泰尼沙,路禾利桑天奴,2.25,20260716_090036,-,-,,大,,2.423,2.476
509233,20260718 08:00,美国国家女子联赛,肯萨斯城流动女足,圣地牙哥海浪女足,2.50,20260716_230032,-,-,,大,,2.704,2.730
508301,20260718 08:00,巴西乙组联赛,隆德里纳,保地花高SP,2.00,20260716_090036,-,-,,大,,2.269,2.278
508360,20260718 08:10,美国职业大联盟联赛,纳舒维尔SC,阿特兰大联,2.75,20260716_090036,-,-,,大,,2.964,2.953
508854,20260718 08:45,阿根廷杯,河床,阿度斯维,2.50,20260716_100040,-,-,,小,,2.546,2.695
508487,20260718 09:00,墨西哥超级联赛,莱昂,阿特拿斯,2.50,20260716_230032,-,-,,大,,2.781,2.773
508486,20260718 09:00,墨西哥超级联赛,圣路易斯体育会,蓝十字,2.75,20260716_100040,-,-,,大,,2.914,2.901
508361,20260718 10:25,美国职业大联盟联赛,洛杉矶银河,洛杉矶FC,3.00,20260716_120040,-,-,,小,,3.124,3.118
508488,20260718 11:00,墨西哥超级联赛,祖亚雷斯,普埃布拉,2.75,20260716_120040,-,-,,大,,2.964,2.953
508179,20260718 17:55,南韩女子职业联赛,闻庆尚武女足,康津天鹅女足,2.50,20260717_210033,-,-,,大,,2.760,2.762
508178,20260718 17:55,南韩女子职业联赛,庆州水利女足,世宗女足,2.50,20260718_090026,-,-,,小,,2.566,2.566
508177,20260718 17:55,南韩女子职业联赛,仁川现代制铁女足,首尔女足,2.50,20260718_090026,-,-,,大,,2.698,2.785
508165,20260718 18:30,南韩职业联赛,仁川联,全北汽车,2.25,20260716_200042,-,-,,小,,2.345,2.338
508061,20260718 18:30,南韩职业联赛,大田市民,蔚山HD,2.50,20260716_200042,-,-,,小,,2.671,2.680
508168,20260718 18:30,南韩乙组联赛,全南天龙,忠南牙山,2.50,20260716_200042,-,-,,大,,2.734,2.730
508170,20260718 18:30,南韩乙组联赛,水原FC,首尔衣恋,2.75,20260716_200042,-,-,,大,,2.987,2.951
508164,20260718 18:30,南韩职业联赛,FC江原,金泉尚武,2.50,20260716_200042,-,-,,小,,2.606,2.558
508166,20260718 18:30,南韩职业联赛,济州SK,浦项制铁,2.00,20260716_200042,-,-,,大,,2.229,2.245
508171,20260718 18:30,南韩乙组联赛,城南FC,釜山偶像,2.25,20260716_200042,-,-,,大,,2.468,2.496
508169,20260718 18:30,南韩乙组联赛,金浦FC,FC大邱,2.50,20260716_200042,-,-,,大,,2.761,2.765
508151,20260718 19:00,中国超级联赛,重庆铜梁龙,浙江队,2.75,20260716_220039,-,-,,大,,3.073,3.006
508154,20260718 19:35,中国超级联赛,上海申花,天津津门虎,3.25,20260716_220039,-,-,,小,,3.213,3.302
508153,20260718 19:35,中国超级联赛,大连英博,山东泰山,3.25,20260716_220039,-,-,,小,,3.257,3.360
508276,20260718 20:00,挪威超级联赛,咸卡姆,特罗素,2.50,20260716_210040,-,-,,小,,2.481,2.520
508256,20260718 20:00,芬兰超级联赛,赫尔辛基,VPS华沙,3.00,20260716_210040,-,-,,小,,3.107,3.083
508155,20260718 20:00,中国超级联赛,武汉三镇,深圳新鹏城,2.75,20260716_220039,-,-,,小,,2.888,2.908
510125,20260718 20:00,国际友谊赛,越南,缅甸,3.25,20260718_090026,-,-,,小,,3.291,3.452
510233,20260718 20:30,球会友谊赛,琉森,圣图尔登,3.00,20260718_150028,-,-,,大,,3.194,3.198
508242,20260718 21:00,瑞典超级联赛,AIK苏纳,加尔斯,2.50,20260716_220039,-,-,,大,,2.723,2.701
509723,20260718 21:00,球会友谊赛,登地,爱华顿,3.00,20260718_090026,-,-,,小,,3.070,3.064
509718,20260718 21:30,球会友谊赛,巴素利,祖云达斯,2.75,20260718_090026,-,-,,小,,2.904,2.856
508277,20260718 22:00,挪威超级联赛,基斯迪辛特,萨普斯堡,2.75,20260716_230032,-,-,,大,,3.057,3.036
508258,20260718 22:00,芬兰超级联赛,施拿祖基,古比斯,3.00,20260716_230032,-,-,,小,,3.155,3.123
508278,20260718 22:00,挪威超级联赛,史达,洛辛堡,2.75,20260716_230032,-,-,,大,,2.926,2.911
508257,20260718 22:00,芬兰超级联赛,AC奥卢,格尼斯坦,2.75,20260716_230032,-,-,,小,,2.851,2.796
508279,20260718 22:00,挪威超级联赛,利尼史特朗,KFUM奥斯陆,2.75,20260716_230032,-,-,,大,,2.965,2.942
509732,20260718 22:00,苏格兰联赛杯,布里捷城,史丹侯斯姆,2.75,20260718_090026,-,-,,大,,3.026,2.995
509688,20260718 22:00,苏格兰联赛杯,艾珍城,基尔马诺克,3.50,20260718_090026,-,-,,小,,3.616,3.607
509685,20260718 22:00,苏格兰联赛杯,艾尔,爱丁堡城,2.75,20260718_090026,-,-,,大,,2.990,2.962
509686,20260718 22:00,苏格兰联赛杯,哥维流浪,圣美伦,3.25,20260718_090026,-,-,,大,,3.474,3.500
509691,20260718 22:00,苏格兰联赛杯,利云斯顿,巴特里,2.75,20260718_090026,-,-,,大,,2.940,2.897
509689,20260718 22:00,苏格兰联赛杯,咸美顿,拉夫流浪,2.75,20260718_090026,-,-,,大,,2.911,2.876
510126,20260718 22:00,苏格兰联赛杯,罗斯郡,克莱德,3.00,20260718_090026,-,-,,大,,3.162,3.159
509690,20260718 22:00,苏格兰联赛杯,林利夫哥玫瑰,恩华利斯,3.25,20260718_090026,-,-,,小,,3.388,3.417
509693,20260718 22:00,苏格兰联赛杯,圣庄士东,摩顿,3.25,20260718_090026,-,-,,小,,3.368,3.394
509719,20260718 23:00,球会友谊赛,曼联,域斯咸,3.25,20260718_090026,-,-,,小,,3.370,3.395
509329,20260718 23:25,乌拉圭甲组联赛,普格素,马尔多纳多,2.25,20260717_000038,-,-,,大,,2.481,2.516
508280,20260718 23:59,挪威超级联赛,莫迪,白兰恩,3.00,20260717_010035,-,-,,大,,3.193,3.191
508281,20260718 23:59,挪威超级联赛,维京,辛迪夫佐特,3.50,20260717_010035,-,-,,小,,3.554,3.543
509694,20260718 23:59,苏格兰联赛杯,鸭巴甸,昆士柏,3.25,20260718_090026,-,-,,小,,3.328,3.348
509234,20260718 23:59,美国国家女子联赛,葛咸FC女足,西雅图王朝女足,2.50,20260718_160028,-,-,,大,,2.690,2.685
509205,20260718 23:59,美国冠军联赛,匹兹堡猎犬,路易斯维尔城,2.50,20260718_160028,-,-,,小,,2.614,2.509
509722,20260719 00:30,俄罗斯超级杯2025,圣彼德斯堡,莫斯科斯巴达,2.50,20260717_020032,-,-,,小,,2.623,2.652
510250,20260719 01:00,球会友谊赛,维也纳迅速,汉堡,2.75,20260718_150028,-,-,,大,,2.973,2.929
509695,20260719 02:00,苏格兰联赛杯,登地联,艾布亚夫,2.75,20260718_090026,-,-,,大,,2.934,2.897
509235,20260719 02:00,美国国家女子联赛,丹佛巅峰女足,波特兰荆棘女足,2.75,20260718_170028,-,-,,大,,2.935,2.897
509331,20260719 02:55,乌拉圭甲组联赛,彭拿路,波士顿河,2.50,20260717_060029,-,-,,小,,2.656,2.652
508298,20260719 03:00,巴西乙组联赛,利斯菲体育会,奥柏拉里奥,2.25,20260717_060029,-,-,,小,,2.372,2.415
508297,20260719 03:00,巴西乙组联赛,基斯奥马,维拉诺瓦,2.25,20260717_060029,-,-,,小,,2.305,2.282
508299,20260719 03:00,巴西乙组联赛,邦迪比达,戈亚斯,2.25,20260717_060029,-,-,,小,,2.351,2.256
509236,20260719 04:00,美国国家女子联赛,海湾FC女足,北卡罗勇气女足,2.75,20260718_160028,-,-,,大,,2.943,2.940
508300,20260719 05:00,巴西乙组联赛,戈亚尼恩斯,米纳吉拉斯体育会,2.25,20260717_060029,-,-,,小,,2.269,2.295
510090,20260719 05:00,世界杯,法国,英格兰,3.25,20260717_060029,-,-,,小,,2.839,3.484
509237,20260719 06:30,美国国家女子联赛,芝加哥之星女足,天使城女足,2.75,20260718_160028,-,-,,小,,2.783,2.908
508489,20260719 07:00,墨西哥超级联赛,普马斯,帕丘卡,2.50,20260717_080030,-,-,,大,,2.795,2.796
509207,20260719 07:00,美国冠军联赛,劳顿联,谭柏湾暴徒,3.00,20260718_160028,-,-,,小,,3.158,3.199
509208,20260719 07:00,美国冠军联赛,杰克逊维尔体育会,FC布鲁克林,2.75,20260718_160028,-,-,,大,,3.034,2.951
509206,20260719 07:00,美国冠军联赛,底特律城,印第安纳十一,2.50,20260718_160028,-,-,,小,,2.593,2.629
509210,20260719 07:30,美国冠军联赛,FC罗德岛,哈特福体育,2.50,20260718_160028,-,-,,大,,2.683,2.618
509209,20260719 07:30,美国冠军联赛,查勒斯顿炮台,萨克拉门托共和,2.50,20260718_160028,-,-,,小,,2.599,2.585
509238,20260719 08:00,美国国家女子联赛,路易维尔竞赛女足,侯斯顿冲锋女足,2.50,20260718_160028,1:1,2,小,大,错,2.739,2.730
509211,20260719 08:30,美国冠军联赛,FC陶沙,艾尔帕索火车头,2.75,20260718_160028,-,-,,小,,2.892,2.844
509239,20260719 08:45,美国国家女子联赛,犹他皇家女足,奥兰多荣耀女足,2.75,20260718_160028,1:0,1,小,大,错,2.987,2.940
508490,20260719 09:00,墨西哥超级联赛,哥达拿查拉,托卢卡,2.75,20260717_110031,0:2,2,小,大,错,2.930,2.882
508491,20260719 09:00,墨西哥超级联赛,蒙特雷,拿根亚,3.25,20260717_110031,3:2,5,大,大,对,3.418,3.455
509212,20260719 09:00,美国冠军联赛,FC圣安东尼奥,拉斯维加斯灯火,2.50,20260718_160028,1:2,3,大,大,对,2.754,2.697
509213,20260719 10:30,美国冠军联赛,凤凰城展翅,蒙特雷湾,2.75,20260718_160028,3:2,5,大,大,对,2.919,2.866
508492,20260719 11:00,墨西哥超级联赛,克雷塔罗,阿美利加会,2.50,20260717_110031,0:1,1,小,大,错,2.740,2.732
508174,20260719 18:30,南韩乙组联赛,忠北清州,天安市,2.50,20260717_180030,-,-,,小,,2.653,2.641
508173,20260719 18:30,南韩乙组联赛,水原蓝翼,坡州前线,2.75,20260717_180030,-,-,,大,,2.936,2.897
508175,20260719 18:30,南韩乙组联赛,龙仁FC,华城FC,2.50,20260717_180030,-,-,,小,,2.610,2.596
508172,20260719 18:30,南韩乙组联赛,庆南FC,安山绿人,2.50,20260717_180030,-,-,,小,,2.588,2.574
508062,20260719 18:30,南韩职业联赛,FC富川,FC首尔,2.25,20260717_180030,-,-,,小,,2.414,2.457
508167,20260719 18:30,南韩职业联赛,FC安养,FC光州,2.25,20260717_180030,-,-,,大,,2.447,2.493
509725,20260719 22:00,球会友谊赛,克拉科维亚,西维尔,3.00,20260719_100029,-,-,,大,,3.179,3.169
508243,20260719 22:30,瑞典超级联赛,哈马比,迪加科斯,3.00,20260717_220033,-,-,,小,,3.143,3.140
508245,20260719 22:30,瑞典超级联赛,咸史泰斯,赫根,3.00,20260717_220033,-,-,,大,,3.281,3.266
508244,20260719 22:30,瑞典超级联赛,艾夫斯堡,天狼星,2.75,20260717_220033,-,-,,大,,2.980,2.950
508259,20260719 23:30,芬兰超级联赛,查路,英特杜古,2.75,20260717_230032,-,-,,大,,2.965,2.926
510091,20260720 03:00,世界杯,西班牙,阿根廷,2.25,20260718_020029,-,-,,小,,2.297,2.427
509240,20260720 07:00,美国国家女子联赛,波士顿传承女足,华盛顿精神女足,2.50,20260718_190028,-,-,,大,,2.734,2.730
508260,20260720 23:00,芬兰超级联赛,TPS杜古,伊斯韦斯,2.75,20260718_220028,-,-,,大,,2.989,2.973
508261,20260720 23:59,芬兰超级联赛,马利汉姆,拉迪,2.75,20260718_230030,-,-,,大,,2.931,2.922
508246,20260721 01:00,瑞典超级联赛,卡马亚,马模,2.75,20260719_000027,-,-,,大,,3.022,3.003
508247,20260721 01:00,瑞典超级联赛,奥基迪,佐加顿斯,3.25,20260719_000027,-,-,,小,,3.266,3.268
509330,20260721 03:55,乌拉圭甲组联赛,蒙特维多城托基,达奴比奥,2.25,20260719_030030,-,-,,大,,2.442,2.466
510198,20260721 17:30,澳洲杯,普雷斯顿雄狮,纽卡素喷射机,3.00,20260720_190035,-,-,,小,,3.141,3.130
510199,20260721 17:30,澳洲杯,昆士兰狮队,珀斯光辉,3.25,20260720_190035,-,-,,小,,3.300,3.325
508964,20260721 18:30,南韩职业联赛,济州SK,FC江原,2.00,20260720_180031,-,-,,大,,2.256,2.237
508965,20260721 18:30,南韩职业联赛,蔚山HD,仁川联,2.25,20260720_180031,-,-,,大,,2.444,2.455
508063,20260721 18:30,南韩职业联赛,全北汽车,大田市民,2.50,20260720_180031,-,-,,小,,2.654,2.631
510201,20260721 18:30,澳洲杯,比斯活特城,悉尼FC,3.50,20260720_190035,-,-,,大,,3.734,3.725
510153,20260721 23:59,欧洲冠军联赛,沙巴FC,古比斯,3.00,20260719_210028,-,-,,大,,3.173,3.169
510151,20260721 23:59,欧洲冠军联赛,伊比利亚1999,巴迪斯拉华,2.75,20260719_210028,-,-,,大,,2.991,2.950
510152,20260721 23:59,欧洲冠军联赛,米赞比,林肯红魔鬼,3.00,20260719_210028,-,-,,小,,3.153,3.150
510150,20260721 23:59,欧洲冠军联赛,艾拉华特阿美尼亚,沙姆洛克流浪,2.50,20260719_210028,-,-,,小,,2.665,2.652
510154,20260722 01:00,欧洲冠军联赛,阿晓斯,列治普斯纳,2.00,20260719_210028,-,-,,大,,2.184,2.225
510308,20260722 01:00,欧洲协会联赛,哥登堡,塔林利华戴亚,2.75,20260720_180031,-,-,,大,,2.998,2.984
510309,20260722 01:30,欧洲协会联赛,科利安拿,达他,2.50,20260720_180031,-,-,,大,,2.681,2.788
510156,20260722 02:00,欧洲冠军联赛,杜安,萨格勒布戴拿模,2.75,20260719_210028,-,-,,大,,3.039,2.992
510155,20260722 02:00,欧洲冠军联赛,费伦巴治,扎布热矿工,3.25,20260719_210028,-,-,,小,,3.214,3.328
510310,20260722 02:15,欧洲协会联赛,阿特比森,吉奥利,3.00,20260720_180031,-,-,,小,,2.965,3.052
510157,20260722 02:30,欧洲冠军联赛,格拉茨,赫斯,2.75,20260719_210028,-,-,,小,,2.857,2.805
510158,20260722 02:45,欧洲冠军联赛,基卡拉斯域卡,考诺,2.00,20260719_210028,-,-,,大,,2.160,2.209
510144,20260722 02:45,苏格兰联赛杯,邓弗姆林,哥维流浪,3.00,20260720_220034,-,-,,大,,3.262,3.259
510171,20260722 02:45,苏格兰联赛杯,拉夫流浪,彼德赫德,3.00,20260720_220034,-,-,,大,,3.179,3.169
510143,20260722 02:45,苏格兰联赛杯,登地联,斯巴达人,3.50,20260720_220034,-,-,,大,,3.783,3.778
510140,20260722 02:45,苏格兰联赛杯,阿洛厄,福克尔克,3.00,20260720_220034,-,-,,大,,3.267,3.259
510172,20260722 02:45,苏格兰联赛杯,罗斯郡,登地,2.75,20260720_220034,-,-,,大,,3.068,3.028
510146,20260722 02:45,苏格兰联赛杯,恩华利斯,圣庄士东,2.50,20260720_220034,-,-,,大,,2.706,2.697
510170,20260722 02:45,苏格兰联赛杯,巴特里,史丹侯斯姆,3.00,20260720_220034,-,-,,大,,3.277,3.269
510173,20260722 02:45,苏格兰联赛杯,圣美伦,东基尔布莱德,3.25,20260720_220034,-,-,,大,,3.519,3.547
510149,20260722 02:45,苏格兰联赛杯,利云斯顿,福弗尔,3.75,20260720_220034,-,-,,大,,4.035,4.012
510141,20260722 02:45,苏格兰联赛杯,艾布亚夫,蒙杜斯,2.75,20260720_220034,-,-,,大,,2.956,2.908
510148,20260722 02:45,苏格兰联赛杯,基尔马诺克,咸美顿,3.25,20260720_220034,-,-,,大,,3.490,3.523
510160,20260722 03:00,欧洲冠军联赛,维京古,比亚斯华夏普尔,2.75,20260719_210028,-,-,,小,,2.887,2.846
510159,20260722 03:00,欧洲冠军联赛,拉恩,贝尔格莱德红星,3.25,20260719_210028,-,-,,小,,3.286,3.306
510092,20260722 06:00,南美球会杯,蒙特维多国民队,堤格雷,2.00,20260719_200030,-,-,,大,,2.226,2.217
508286,20260722 06:30,巴西甲组联赛,明尼路,巴希亚,2.50,20260719_210028,-,-,,大,,2.685,2.663
509260,20260722 06:30,巴西乙组联赛,艾华尔,阿美利加明尼路,2.25,20260720_180031,-,-,,小,,2.317,2.351
509259,20260722 06:30,巴西乙组联赛,路禾利桑天奴,基斯奥马,2.00,20260720_180031,-,-,,大,,2.215,2.140
510093,20260722 08:30,南美球会杯,委内瑞拉中央大学,山度士,2.25,20260719_200030,-,-,,大,,2.443,2.474
509261,20260722 08:35,巴西乙组联赛,维拉诺瓦,科泰尼沙,2.25,20260720_180031,-,-,,小,,2.368,2.389
509277,20260722 09:00,墨西哥超级联赛,蓝十字,普埃布拉,2.75,20260720_200034,-,-,,大,,3.087,3.015
509278,20260722 11:00,墨西哥超级联赛,托卢卡,普马斯,2.75,20260720_200034,-,-,,大,,3.062,2.994
510204,20260722 17:30,澳洲杯,FC老虎,西悉尼流浪者,4.25,20260721_190033,-,-,,小,,4.280,4.431
510203,20260722 17:30,澳洲杯,悉尼联,中岸水手,3.25,20260721_190033,-,-,,小,,3.322,3.348
508966,20260722 18:30,南韩职业联赛,FC富川,FC安养,2.00,20260720_180031,-,-,,大,,2.250,2.241
508064,20260722 18:30,南韩职业联赛,FC首尔,浦项制铁,2.25,20260720_180031,-,-,,小,,2.304,2.334
508967,20260722 18:30,南韩职业联赛,FC光州,金泉尚武,2.25,20260720_180031,-,-,,大,,2.465,2.494
510816,20260722 23:30,球会友谊赛,云达不莱梅,冈山绿雉,3.50,20260722_150031,-,-,,大,,3.766,3.763
510311,20260722 23:59,欧洲协会联赛,尼菲治,明斯克戴拿模,2.25,20260720_180031,-,-,,小,,2.317,2.398
510817,20260722 23:59,球会友谊赛,比斯特,艾华卡拉,3.25,20260722_170038,-,-,,大,,3.455,3.486
510915,20260723 00:30,球会友谊赛,艾克马亚,亨克,3.25,20260722_180032,-,-,,大,,3.507,3.521
510161,20260723 01:00,欧洲冠军联赛,奥摩尼亚,卡拉特,2.25,20260719_210028,-,-,,大,,2.495,2.513
510312,20260723 01:00,欧洲协会联赛,波希米亚人,巴尔干尼,2.50,20260720_180031,-,-,,大,,2.694,2.697
496642,20260723 01:00,挪威超级联赛,波杜基林特,咸卡姆,3.75,20260720_190035,-,-,,大,,4.020,3.996
505709,20260723 01:00,挪威超级联赛,利尼史特朗,维京,3.00,20260720_200034,-,-,,大,,3.183,3.202
510162,20260723 01:30,欧洲冠军联赛,索菲亚利夫斯基,卡拉奥华大学,2.25,20260719_210028,-,-,,小,,2.380,2.408
510313,20260723 01:45,欧洲协会联赛,巴沙克舒希,英特杜古,3.00,20260720_180031,-,-,,小,,3.012,3.052
510314,20260723 02:00,欧洲协会联赛,华达,列加,2.75,20260720_180031,-,-,,小,,2.887,2.897
510315,20260723 02:30,欧洲协会联赛,泰拿华斯巴达,1948中央陆军,2.25,20260720_180031,-,-,,小,,2.394,2.447
510139,20260723 02:45,苏格兰联赛杯,南部皇后,鸭巴甸,3.25,20260721_190033,-,-,,小,,3.314,3.337
510163,20260723 03:00,欧洲冠军联赛,伊格纳迪亚,施捷,2.25,20260719_210028,-,-,,大,,2.474,2.513
510316,20260723 03:00,欧洲协会联赛,泽伦斯尼卡,布拉加,2.75,20260720_180031,-,-,,小,,2.839,2.802
510094,20260723 06:00,南美球会杯,麦德林独立,华斯高,2.25,20260719_200030,-,-,,小,,2.388,2.399
508291,20260723 06:30,巴西甲组联赛,哥列迪巴,彭美拉斯,2.25,20260719_210028,-,-,,小,,2.393,2.427
509262,20260723 06:30,巴西乙组联赛,奥柏拉里奥,邦迪比达,2.50,20260720_180031,-,-,,小,,2.607,2.596
509263,20260723 06:30,巴西乙组联赛,施亚拉,CRB,2.25,20260720_190035,-,-,,大,,2.589,2.486
509214,20260723 07:00,美国冠军联赛,莱星顿SC,奥克兰根源,2.75,20260721_190033,-,-,,大,,2.912,2.876
509264,20260723 07:30,巴西乙组联赛,戈亚斯,利斯菲体育会,2.25,20260720_190035,-,-,,小,,2.359,2.405
509169,20260723 07:30,美国职业大联盟联赛,哥伦布机员,纽约城,2.75,20260720_200034,-,-,,大,,2.937,2.929
509172,20260723 07:30,美国职业大联盟联赛,费城联,纽约红牛,3.25,20260720_200034,-,-,,小,,3.324,3.322
509171,20260723 07:30,美国职业大联盟联赛,新英伦革命,多伦多FC,2.75,20260720_200034,-,-,,小,,2.895,2.855
509168,20260723 07:30,美国职业大联盟联赛,FC辛辛那提,温哥华白帽,3.50,20260720_200034,-,-,,小,,3.477,3.551
509170,20260723 07:30,美国职业大联盟联赛,国际迈亚密,芝加哥火焰,3.50,20260720_200034,-,-,,大,,3.754,3.688
509173,20260723 08:15,美国职业大联盟联赛,夏洛特FC,阿特兰大联,2.75,20260720_200034,-,-,,大,,2.998,2.958
510096,20260723 08:30,南美球会杯,士砵亭水晶,巴拉干天奴,2.25,20260719_200030,-,-,,大,,2.450,2.494
510095,20260723 08:30,南美球会杯,拉鲁斯,施恩施雅奴,2.50,20260719_200030,-,-,,大,,2.736,2.729
508289,20260723 08:30,巴西甲组联赛,圣保罗,帕拉尼恩斯,2.25,20260719_210028,-,-,,小,,2.377,2.399
508288,20260723 08:30,巴西甲组联赛,查比高恩斯,法林明高,2.50,20260719_210028,-,-,,大,,2.726,2.718
508287,20260723 08:30,巴西甲组联赛,国际体育会,高士路,2.25,20260719_210028,-,-,,大,,2.474,2.494
509265,20260723 08:30,巴西乙组联赛,纽迪高,隆德里纳,2.50,20260720_190035,-,-,,小,,2.564,2.527
509176,20260723 08:30,美国职业大联盟联赛,纳舒维尔SC,CF蒙特利尔,3.00,20260720_200034,-,-,,小,,3.104,3.097
509174,20260723 08:30,美国职业大联盟联赛,侯斯顿戴拿模,华盛顿联队,2.75,20260720_200034,-,-,,小,,2.861,2.855
509177,20260723 08:30,美国职业大联盟联赛,奥斯汀FC,西雅图海湾者,2.75,20260720_200034,-,-,,大,,3.075,2.978
509175,20260723 08:30,美国职业大联盟联赛,肯萨斯体育会,明尼苏达联,3.00,20260720_200034,-,-,,大,,3.249,3.209
509215,20260723 09:00,美国冠军联赛,科罗拉多泉波路,FC迈亚密,3.00,20260721_190033,-,-,,大,,3.215,3.219
509178,20260723 09:30,美国职业大联盟联赛,科罗拉多急流,圣地牙哥FC,3.50,20260720_200034,-,-,,小,,3.490,3.487
509182,20260723 10:30,美国职业大联盟联赛,圣荷西地震,奥兰多城,3.50,20260720_200034,-,-,,大,,3.836,3.738
509179,20260723 10:30,美国职业大联盟联赛,洛杉矶银河,圣路易斯城SC,3.00,20260720_200034,-,-,,小,,3.145,3.174
509180,20260723 10:30,美国职业大联盟联赛,洛杉矶FC,皇家盐湖城,3.00,20260720_200034,-,-,,大,,3.210,3.160
509181,20260723 10:30,美国职业大联盟联赛,波特兰伐木者,FC达拉斯,3.25,20260720_200034,-,-,,小,,3.276,3.284
510317,20260723 22:30,欧洲协会联赛,马利舒华,喜百年,3.00,20260724_220035,-,-,,小,,2.717,3.053
510318,20260723 23:00,欧洲协会联赛,利柏查,奥地利维也纳,2.75,20260724_220035,-,-,,小,,2.772,2.785
510319,20260723 23:00,欧洲协会联赛,艾拉斯克特,克卢日,2.25,20260724_220035,-,-,,小,,2.276,2.150
510320,20260723 23:30,欧洲协会联赛,帕内韦日斯,杜保尔,2.00,20260724_220035,-,-,,大,,2.267,2.266
510322,20260723 23:59,欧洲协会联赛,科罗拉,新圣徒,3.00,20260724_220035,-,-,,小,,2.856,3.021
510325,20260723 23:59,欧洲协会联赛,派德,施拉,2.50,20260724_220035,-,-,,大,,2.711,2.569
510323,20260723 23:59,欧洲协会联赛,迪比辛尼,佩历克,2.50,20260724_220035,-,-,,小,,2.551,2.517
510324,20260723 23:59,欧洲协会联赛,迪拿哥里,阿波罗利马素,2.25,20260724_220035,-,-,,小,,2.363,2.334
510321,20260723 23:59,欧洲协会联赛,赫尔辛基,高利宁,3.25,20260724_220035,-,-,,小,,3.165,3.082
510290,20260723 23:59,欧洲联赛,卡拉巴克,索菲亚中央陆军,2.50,20260724_220035,-,-,,小,,2.653,2.763
510327,20260724 00:30,欧洲协会联赛,AEK拉亚拿卡,耶路撒冷比达,2.25,20260724_220035,-,-,,大,,2.447,2.415
510326,20260724 00:30,欧洲协会联赛,捷斯托贺华,华列达,3.00,20260724_220035,-,-,,大,,3.284,3.290
510328,20260724 00:30,欧洲协会联赛,斯特里达,韦利斯莫斯达,2.75,20260724_220035,-,-,,大,,2.972,2.851
510329,20260724 00:30,欧洲协会联赛,列加斯,韦斯迪利,4.00,20260724_220035,-,-,,小,,3.971,4.176
510335,20260724 01:00,欧洲协会联赛,FC圣达哥林玛,维也纳迅速,3.25,20260724_220035,-,-,,小,,3.404,3.345
510330,20260724 01:00,欧洲协会联赛,加尔斯,洛斯查兰特,2.50,20260724_220035,-,-,,大,,2.701,2.654
510334,20260724 01:00,欧洲协会联赛,第比利斯戴拿模,萨基列斯,2.25,20260724_220035,-,-,,小,,2.285,2.296
510332,20260724 01:00,欧洲协会联赛,维迪布斯克,苏积斯卡,2.25,20260724_220035,-,-,,大,,2.477,2.466
510331,20260724 01:00,欧洲协会联赛,森布鲁,诺亚,2.50,20260724_220035,-,-,,大,,2.782,2.569
510336,20260724 01:00,欧洲协会联赛,克鲁日大学,白兰恩,2.25,20260724_220035,-,-,,大,,2.476,2.538
510333,20260724 01:00,欧洲协会联赛,巴迪,锡永,2.75,20260724_220035,-,-,,大,,3.061,3.020
510292,20260724 01:00,欧洲联赛,特罗素,贺拉戴克,2.50,20260724_220035,-,-,,小,,2.454,2.807
510293,20260724 01:00,欧洲联赛,基辅戴拿模,PAOK沙朗历基,2.25,20260724_220035,-,-,,小,,2.340,2.328
510294,20260724 01:00,欧洲联赛,舒列夫,特拉维夫马卡比,2.25,20260724_220035,-,-,,小,,2.247,2.261
510291,20260724 01:00,欧洲联赛,哈马比,安德列治,3.00,20260724_220035,-,-,,小,,2.820,3.012
510337,20260724 01:30,欧洲协会联赛,华杜斯,艾斯卡迪斯体育会,2.75,20260724_220035,-,-,,大,,3.167,2.951
510338,20260724 01:45,欧洲协会联赛,布格勒斯特星队,奥达,2.75,20260724_220035,-,-,,大,,2.947,3.115
510342,20260724 02:00,欧洲协会联赛,亚鲁米尼,戴拿模城,2.50,20260724_220035,-,-,,小,,2.626,2.548
510339,20260724 02:00,欧洲协会联赛,帕克斯,彭拿典奈高斯,3.00,20260724_220035,-,-,,小,,3.094,3.073
510341,20260724 02:00,欧洲协会联赛,华拉萨甸,积布尼克,2.50,20260724_220035,-,-,,大,,2.678,2.644
510343,20260724 02:00,欧洲协会联赛,禾获甸拿,阿积士,2.75,20260724_220035,-,-,,大,,3.019,2.918
510340,20260724 02:00,欧洲协会联赛,普莱西亚,哥本哈根,2.50,20260724_220035,-,-,,大,,2.765,2.785
510297,20260724 02:00,欧洲联赛,川迪,费伦斯华路士,2.75,20260724_220035,-,-,,小,,2.738,2.990
510295,20260724 02:00,欧洲联赛,比锡达斯,米迪兰特,2.75,20260724_220035,-,-,,小,,2.694,3.196
510296,20260724 02:00,欧洲联赛,圣加伦,宾菲加,3.25,20260724_220035,-,-,,小,,3.181,3.048
510344,20260724 02:30,欧洲协会联赛,卢加诺,杜卡积尼,2.75,20260724_220035,-,-,,大,,2.942,3.264
510348,20260724 02:30,欧洲协会联赛,斯利纳,卡杜华斯,2.50,20260724_220035,-,-,,大,,2.737,2.741
510347,20260724 02:30,欧洲协会联赛,班查鲁卡玻拉斯,比杜路古,3.00,20260724_220035,-,-,,小,,3.130,3.115
510346,20260724 02:30,欧洲协会联赛,切尔卡斯,真特,2.25,20260724_220035,-,-,,小,,2.317,2.336
510345,20260724 02:30,欧洲协会联赛,特拉维夫夏普尔,卢多格德斯,2.00,20260724_220035,-,-,,大,,2.230,2.197
510364,20260724 02:45,欧洲协会联赛,NK巴禾,舒肯迪亚,2.75,20260724_220035,-,-,,小,,2.874,2.829
510349,20260724 02:45,欧洲协会联赛,NSI鲁纳维克,高柏,2.50,20260724_220035,-,-,,大,,2.797,2.773
510363,20260724 02:45,欧洲协会联赛,舒尔本,卡里鲁,2.25,20260724_220035,-,-,,大,,2.650,2.488
510350,20260724 02:45,欧洲协会联赛,列积卡,德利城,3.00,20260724_220035,-,-,,小,,2.991,3.136
510362,20260724 02:45,欧洲协会联赛,马瑟韦尔,拖锡云,3.00,20260724_220035,-,-,,大,,3.288,3.204
510365,20260724 03:00,欧洲协会联赛,柏迪逊,施特拉森,3.00,20260724_220035,-,-,,大,,3.215,3.225
510366,20260724 03:00,欧洲协会联赛,史达兰,伊斯韦斯,3.25,20260724_220035,-,-,,小,,3.311,3.376
510298,20260724 03:00,欧洲联赛,夏积杜克,帕福斯,2.00,20260724_220035,-,-,,大,,2.372,2.276
510367,20260724 03:15,欧洲协会联赛,华路亚,辛连斯基,2.50,20260724_220035,-,-,,大,,2.722,2.741
510097,20260724 06:00,南美球会杯,玻利瓦尔,甘美奥,2.75,20260724_220035,-,-,,小,,2.902,2.853
509287,20260724 06:30,阿根廷甲组联赛,沙米恩图,小阿根廷人,1.75,20260724_220035,-,-,,大,,1.929,1.949
508290,20260724 06:30,巴西甲组联赛,哥连泰斯,雷莫,2.50,20260724_220035,-,-,,小,,2.594,2.581
509286,20260724 06:30,阿根廷甲组联赛,贝尔格拉诺,罗沙里奥中央,1.75,20260724_220035,-,-,,大,,1.940,1.899
510184,20260724 06:30,巴西甲组联赛,保地花高,维多利亚,2.50,20260724_220035,-,-,,大,,2.784,2.747
509266,20260724 06:30,巴西乙组联赛,米纳吉拉斯体育会,圣贝拿度,2.00,20260724_220035,-,-,,大,,2.266,2.149
509267,20260724 07:30,巴西乙组联赛,古亚巴,戈亚尼恩斯,1.75,20260724_220035,-,-,,大,,2.154,2.014
510098,20260724 08:30,南美球会杯,小保加,奥希金斯,2.50,20260724_220035,-,-,,大,,2.680,2.684
510099,20260724 08:30,南美球会杯,圣达菲,卡拉卡斯,2.25,20260724_220035,-,-,,小,,2.311,2.333
509268,20260724 08:30,巴西乙组联赛,保地花高SP,青年队,1.75,20260724_220035,-,-,,大,,2.157,2.031
509288,20260724 08:45,阿根廷甲组联赛,防卫者,阿度斯维,2.00,20260724_220035,-,-,,小,,2.095,2.089
508987,20260724 17:55,南韩女子职业联赛,首尔女足,世宗女足,2.25,20260724_220035,-,-,,大,,2.489,2.513
508988,20260724 17:55,南韩女子职业联赛,华川KSPO女足,闻庆尚武女足,2.50,20260724_220035,-,-,,大,,2.861,2.762
508990,20260724 17:55,南韩女子职业联赛,水原FC女足,仁川现代制铁女足,2.75,20260724_220035,-,-,,小,,2.864,3.014
508989,20260724 17:55,南韩女子职业联赛,庆州水利女足,康津天鹅女足,2.50,20260724_220035,-,-,,大,,2.728,2.740
508973,20260724 18:30,南韩乙组联赛,金海FC,忠北清州,2.25,20260724_220035,-,-,,小,,2.412,2.465
508972,20260724 18:30,南韩乙组联赛,首尔衣恋,天安市,3.00,20260724_220035,-,-,,小,,3.022,3.289
509750,20260724 20:00,东南亚锦标赛,柬埔寨,新加坡,2.75,20260724_220035,-,-,,大,,3.027,3.012
509753,20260724 21:30,东南亚锦标赛,东帝汶,越南,4.50,20260724_220035,-,-,,小,,4.583,4.896
509117,20260724 23:59,芬兰超级联赛,查路,施拿祖基,2.75,20260724_220035,-,-,,大,,3.070,3.028
511185,20260724 23:59,球会友谊赛,洛辛堡,曼联,3.50,20260724_220035,-,-,,小,,3.656,3.707
509100,20260725 01:00,瑞典超级联赛,华斯特罗斯,奥基迪,3.00,20260724_220035,-,-,,大,,3.196,3.202
510503,20260725 01:00,俄罗斯超级联赛,莫斯科中央陆军,巴尔迪卡,2.25,20260724_220035,-,-,,大,,2.422,2.398
511254,20260725 01:30,球会友谊赛,奥沙辛拿,桑坦德,2.75,20260724_220035,-,-,,小,,2.858,2.970
509289,20260725 03:45,阿根廷甲组联赛,门多萨甘拿斯亚,中央科尔多瓦,1.75,20260724_220035,-,-,,大,,2.060,2.006
511180,20260725 05:55,乌拉圭甲组联赛,蒙特维多城托基,达奴比奥,2.25,20260724_220035,-,-,,小,,2.401,2.437
509291,20260725 06:00,阿根廷甲组联赛,竞赛会,甘拿斯亚,2.00,20260724_220035,-,-,,大,,2.206,2.180
509290,20260725 06:00,阿根廷甲组联赛,沙士菲,科尔多瓦学院,1.75,20260724_220035,-,-,,大,,2.062,2.024
509216,20260725 08:00,美国冠军联赛,伯明翰军团,新墨西哥联,2.75,20260724_220035,-,-,,大,,2.941,2.897
509241,20260725 08:00,美国国家女子联赛,奥兰多荣耀女足,芝加哥之星女足,3.25,20260724_220035,-,-,,小,,3.317,3.337
509242,20260725 08:00,美国国家女子联赛,侯斯顿冲锋女足,海湾FC女足,2.75,20260724_220035,-,-,,小,,2.695,2.897
509293,20260725 08:15,阿根廷甲组联赛,柏拉坦斯,圣达菲联,1.75,20260724_220035,-,-,,大,,1.954,1.930
509292,20260725 08:15,阿根廷甲组联赛,飓风队,班菲特,1.75,20260724_220035,-,-,,大,,1.948,1.914
509270,20260725 08:30,智利甲组联赛,高路高路,利马切,3.00,20260724_220035,-,-,,小,,3.124,3.093
510627,20260725 09:00,墨西哥甲组联赛,特帕蒂特兰,杜兰高蝎子,2.25,20260724_220035,-,-,,大,,2.434,2.440
510617,20260725 09:00,墨西哥甲组联赛,萨卡特卡斯,哥雷卡米诺斯,3.00,20260724_220035,-,-,,小,,3.033,3.103
509243,20260725 10:00,美国国家女子联赛,波特兰荆棘女足,葛咸FC女足,2.50,20260724_220035,-,-,,小,,2.662,2.776
509280,20260725 11:00,墨西哥超级联赛,阿兰特,阿美利加会,2.50,20260724_220035,-,-,,大,,2.771,2.747
509281,20260725 11:00,墨西哥超级联赛,堤华纳,莱昂,2.75,20260724_220035,-,-,,大,,3.039,3.015
508948,20260725 17:30,中国超级联赛,青岛海牛,天津津门虎,2.50,20260725_170127,-,-,,大,,2.686,2.666
509751,20260725 18:00,东南亚锦标赛,缅甸,马来西亚,2.75,20260725_170127,-,-,,大,,2.926,2.873
508976,20260725 18:30,南韩乙组联赛,全南天龙,庆南FC,2.50,20260725_170127,-,-,,小,,2.625,2.663
508977,20260725 18:30,南韩乙组联赛,华城FC,忠南牙山,2.25,20260725_170127,-,-,,大,,2.478,2.496
508974,20260725 18:30,南韩乙组联赛,釜山偶像,水原蓝翼,2.50,20260725_170127,-,-,,大,,2.712,2.708
508975,20260725 18:30,南韩乙组联赛,FC大邱,水原FC,3.25,20260725_170127,-,-,,小,,3.313,3.337
508065,20260725 18:30,南韩职业联赛,浦项制铁,全北汽车,2.25,20260725_170127,-,-,,小,,2.272,2.309
508968,20260725 18:30,南韩职业联赛,金泉尚武,大田市民,2.50,20260725_170127,-,-,,大,,2.700,2.612
510504,20260725 19:00,俄罗斯超级联赛,莫斯科戴拿模,苏维杜夫,2.75,20260725_170127,-,-,,大,,2.993,2.946
511248,20260725 19:00,球会友谊赛,杜塞尔多夫,多蒙特,3.25,20260725_170127,-,-,,大,,3.473,3.463
508949,20260725 19:35,中国超级联赛,辽宁铁人,青岛西海岸,3.00,20260725_170127,-,-,,小,,2.997,3.235
508950,20260725 19:35,中国超级联赛,上海海港,上海申花,3.50,20260725_170127,-,-,,小,,3.444,3.614
508951,20260725 20:00,中国超级联赛,武汉三镇,重庆铜梁龙,2.50,20260725_170127,-,-,,小,,2.599,2.589
509752,20260725 21:00,东南亚锦标赛,老挝,泰国,3.75,20260725_170127,-,-,,小,,3.658,3.991
509101,20260725 21:00,瑞典超级联赛,迪加科斯,佐加顿斯,2.75,20260725_170127,-,-,,大,,2.997,2.983
510505,20260725 21:15,俄罗斯超级联赛,阿克隆陶尔亚蒂,圣彼德斯堡,3.00,20260725_170127,-,-,,小,,3.091,3.060
509118,20260725 21:30,芬兰超级联赛,马利汉姆,AC奥卢,2.75,20260725_170127,-,-,,大,,2.988,2.993
511253,20260725 21:30,球会友谊赛,韦恩,拜仁慕尼黑,4.25,20260725_170127,-,-,,大,,4.470,4.417
509119,20260725 22:00,芬兰超级联赛,古比斯,VPS华沙,2.75,20260725_170127,-,-,,大,,2.975,2.937
510660,20260725 22:00,苏格兰联赛杯,艾迪尔联,罗斯郡,2.75,20260725_170127,-,-,,大,,3.106,2.962
510671,20260725 22:00,苏格兰联赛杯,昆士柏,南部皇后,3.00,20260725_170127,-,-,,小,,2.988,3.101
509132,20260725 22:00,挪威超级联赛,基斯迪辛特,史达,2.75,20260725_170127,-,-,,小,,2.901,2.911
510670,20260725 22:00,苏格兰联赛杯,彼德赫德,基尔马诺克,3.00,20260725_170127,-,-,,小,,3.067,3.269
510669,20260725 22:00,苏格兰联赛杯,摩顿,恩华利斯,3.00,20260725_170127,-,-,,大,,3.259,3.150
510662,20260725 22:00,苏格兰联赛杯,艾尔,阿洛厄,3.00,20260725_170127,-,-,,大,,3.232,3.229
510661,20260725 22:00,苏格兰联赛杯,艾布亚夫,斯特灵,3.00,20260725_170127,-,-,,小,,3.100,3.101
510659,20260725 22:00,苏格兰联赛杯,鸭巴甸,基迪赫斯,3.75,20260725_170127,-,-,,小,,3.879,3.873
510665,20260725 22:00,苏格兰联赛杯,福克尔克,斯特兰拉尔,3.50,20260725_170127,-,-,,小,,3.647,3.712
510664,20260725 22:00,苏格兰联赛杯,登地,克莱德,3.50,20260725_170127,-,-,,小,,3.637,3.555
510673,20260725 22:00,苏格兰联赛杯,圣庄士东,东法夫郡,3.25,20260725_170127,-,-,,大,,3.498,3.669
510672,20260725 22:00,苏格兰联赛杯,史丹侯斯姆,利云斯顿,3.00,20260725_170127,-,-,,小,,2.998,3.110
511186,20260725 22:00,球会友谊赛,些路迪,AC米兰,3.00,20260725_170127,-,-,,大,,3.239,3.227
509913,20260725 22:00,瑞典女子超级联赛,诺高平女足,哈马比女足,2.75,20260725_170127,-,-,,大,,2.945,2.908
510506,20260725 23:30,俄罗斯超级联赛,法高尔佛罗内什,马哈奇卡拉戴拿模,2.00,20260725_170127,-,-,,小,,2.123,2.086
509102,20260725 23:30,瑞典超级联赛,卡马亚,米赞比,2.50,20260725_170127,-,-,,大,,2.761,2.775
510507,20260726 01:45,俄罗斯超级联赛,莫斯科斯巴达,莫斯科路迪拿,3.25,20260725_170127,-,-,,小,,3.296,3.316
509294,20260726 01:45,阿根廷甲组联赛,里奥瓜托学生队,堤格雷,1.75,20260725_170127,-,-,,小,,1.877,1.831
509333,20260726 01:55,乌拉圭甲组联赛,西班牙人中央,切洛拉高,2.00,20260724_220035,-,-,,大,,2.167,2.156
511192,20260726 03:00,球会友谊赛,波图,阿士东维拉,2.75,20260725_170127,-,-,,大,,3.172,2.644
509295,20260726 04:00,阿根廷甲组联赛,纽维尔旧生,泰拿尼斯,1.75,20260725_170127,-,-,,大,,2.067,2.048
509334,20260726 04:55,乌拉圭甲组联赛,迪芬沙士砵亭,蒙特维多利物浦,2.00,20260724_220035,-,-,,大,,2.271,2.259
509244,20260726 05:00,美国国家女子联赛,波士顿传承女足,肯萨斯城流动女足,2.25,20260725_170127,-,-,,大,,2.432,2.690
509249,20260726 05:30,巴西甲组联赛,山度士,查比高恩斯,2.75,20260725_170127,-,-,,大,,2.914,2.914
509250,20260726 05:30,巴西甲组联赛,帕拉尼恩斯,国际体育会,2.00,20260725_170127,-,-,,大,,2.256,2.313
509272,20260726 05:30,智利甲组联赛,侯治柏度,科布雷素,2.75,20260725_170127,-,-,,小,,2.895,2.850
511187,20260726 06:00,球会友谊赛,利物浦,新特兰,3.00,20260725_170127,-,-,,大,,3.171,3.208
510618,20260726 06:00,墨西哥甲组联赛,特拉斯卡拉,哥达拿查拉大学,2.25,20260725_170127,-,-,,大,,2.595,2.380
509296,20260726 06:15,阿根廷甲组联赛,河床,巴拉卡斯中央,2.25,20260725_170127,-,-,,小,,2.269,2.312
509183,20260726 06:30,美国职业大联盟联赛,纽约红牛,夏洛特FC,3.00,20260725_170127,-,-,,大,,3.305,3.259
509285,20260726 07:00,墨西哥超级联赛,哥达拿查拉,祖亚雷斯,3.00,20260725_170127,-,-,,小,,3.114,3.083
509219,20260726 07:00,美国冠军联赛,印第安纳十一,劳顿联,2.75,20260725_170127,-,-,,大,,3.012,3.140
509218,20260726 07:00,美国冠军联赛,底特律城,拉斯维加斯灯火,2.75,20260725_170127,-,-,,小,,2.879,2.844
509220,20260726 07:00,美国冠军联赛,FC迈亚密,谭柏湾暴徒,2.75,20260725_170127,-,-,,小,,2.879,2.962
509221,20260726 07:00,美国冠军联赛,匹兹堡猎犬,FC罗德岛,2.25,20260725_170127,-,-,,小,,2.308,2.323
509217,20260726 07:00,美国冠军联赛,FC布鲁克林,FC圣安东尼奥,2.50,20260725_170127,-,-,,小,,2.658,2.846
510619,20260726 07:00,墨西哥甲组联赛,云拿度斯,奥沙卡,2.50,20260725_170127,-,-,,大,,2.687,2.566
509184,20260726 07:15,美国职业大联盟联赛,哥伦布机员,FC辛辛那提,3.50,20260725_170127,-,-,,小,,3.506,3.557
509186,20260726 07:30,美国职业大联盟联赛,CF蒙特利尔,国际迈亚密,3.25,20260725_170127,-,-,,大,,3.496,3.526
509187,20260726 07:30,美国职业大联盟联赛,新英伦革命,阿特兰大联,2.75,20260725_170127,-,-,,小,,2.898,2.850
509188,20260726 07:30,美国职业大联盟联赛,纽约城,芝加哥火焰,2.75,20260725_170127,-,-,,大,,3.071,3.030
509185,20260726 07:30,美国职业大联盟联赛,华盛顿联队,多伦多FC,2.50,20260725_170127,-,-,,小,,2.670,2.680
509190,20260726 07:30,美国职业大联盟联赛,费城联,西雅图海湾者,3.00,20260725_170127,-,-,,小,,3.066,3.036
509251,20260726 07:30,巴西甲组联赛,华斯高,米拉索,2.25,20260725_170127,-,-,,大,,2.500,2.548
509189,20260726 07:30,美国职业大联盟联赛,奥兰多城,纳舒维尔SC,3.00,20260725_170127,-,-,,小,,3.123,3.133
509245,20260726 07:45,美国国家女子联赛,北卡罗勇气女足,犹他皇家女足,2.75,20260725_170127,-,-,,小,,2.745,2.834
509273,20260726 08:00,智利甲组联赛,天主教大学,拉沙连拿,2.75,20260725_170127,-,-,,大,,3.036,3.023
509192,20260726 08:30,美国职业大联盟联赛,明尼苏达联,温哥华白帽,3.00,20260725_170127,-,-,,小,,3.071,3.042
509193,20260726 08:30,美国职业大联盟联赛,圣路易斯城SC,科罗拉多急流,3.00,20260725_170127,-,-,,小,,3.145,3.123
509222,20260726 08:30,美国冠军联赛,FC陶沙,莱星顿SC,2.50,20260725_170127,-,-,,大,,2.716,2.685
509297,20260726 08:30,阿根廷甲组联赛,拉鲁斯,圣罗伦素,1.75,20260725_170127,-,-,,大,,1.935,1.857
509191,20260726 08:30,美国职业大联盟联赛,侯斯顿戴拿模,奥斯汀FC,2.75,20260725_170127,-,-,,大,,2.938,2.893
511179,20260726 08:30,墨西哥冠军杯,托卢卡,蓝十字,2.50,20260725_170127,-,-,,大,,2.800,2.796
509223,20260726 09:00,美国冠军联赛,科罗拉多泉波路,查勒斯顿炮台,2.75,20260725_170127,-,-,,大,,2.966,2.919
509224,20260726 09:00,美国冠军联赛,艾尔帕索火车头,杰克逊维尔体育会,3.00,20260725_170127,-,-,,大,,3.245,3.239
510635,20260726 09:00,墨西哥甲组联赛,积巴布拿华,派拉达斯,2.75,20260725_170127,-,-,,小,,2.892,2.846
510620,20260726 09:00,墨西哥甲组联赛,莫雷利亚体育会,拉巴斯体育会,2.75,20260725_170127,-,-,,小,,2.784,2.805
509194,20260726 09:30,美国职业大联盟联赛,圣地牙哥FC,FC达拉斯,3.25,20260725_170127,-,-,,大,,3.451,3.443
509225,20260726 10:00,美国冠军联赛,蒙特雷湾,奥兰治郡SC,2.50,20260725_170127,-,-,,小,,2.643,2.618
509226,20260726 10:00,美国冠军联赛,奥克兰根源,萨克拉门托共和,2.50,20260725_170127,-,-,,小,,2.673,2.663
509227,20260726 10:30,美国冠军联赛,凤凰城展翅,哈特福体育,2.50,20260725_170127,-,-,,大,,2.712,2.697
509196,20260726 10:30,美国职业大联盟联赛,波特兰伐木者,皇家盐湖城,3.25,20260725_170127,-,-,,小,,3.342,3.331
509197,20260726 10:30,美国职业大联盟联赛,圣荷西地震,洛杉矶银河,3.25,20260725_170127,-,-,,大,,3.450,3.478
509195,20260726 10:30,美国职业大联盟联赛,洛杉矶FC,肯萨斯体育会,3.50,20260725_170127,-,-,,大,,3.792,3.763
509279,20260726 11:00,墨西哥超级联赛,堤格雷斯,圣路易斯体育会,3.00,20260725_170127,-,-,,小,,3.054,3.033
509282,20260726 11:00,墨西哥超级联赛,拿根亚,阿特拿斯,2.75,20260725_170127,-,-,,小,,2.850,2.796
511249,20260726 11:00,球会友谊赛,奥克兰FC,热刺,3.50,20260725_170127,-,-,,大,,3.704,3.698
510206,20260726 12:00,澳洲杯,韦斯顿熊队,墨尔本城,3.50,20260725_190842,0:3,3,小,大,错,3.711,3.698
510207,20260726 15:00,澳洲杯,京保洛狮联,墨尔本胜利,4.75,20260725_190842,0:4,4,小,大,错,5.024,4.883
511338,20260726 16:00,球会友谊赛,利云特,艾卡迪沙,2.75,20260726_100028,1:0,1,小,大,错,2.931,2.898
508969,20260726 18:30,南韩职业联赛,FC安养,FC江原,2.25,20260725_170127,2:1,3,大,小,错,2.271,2.265
508978,20260726 18:30,南韩乙组联赛,金浦FC,龙仁FC,2.25,20260725_170127,1:1,2,小,大,错,2.471,2.496
508066,20260726 18:30,南韩职业联赛,FC首尔,蔚山HD,2.50,20260725_170127,1:3,4,大,大,对,2.796,2.769
508970,20260726 18:30,南韩职业联赛,FC光州,济州SK,2.25,20260725_170127,1:2,3,大,小,错,2.258,2.276
508979,20260726 18:30,南韩乙组联赛,坡州前线,安山绿人,2.50,20260725_170127,0:1,1,小,大,错,2.675,2.663
508971,20260726 18:30,南韩职业联赛,仁川联,FC富川,2.25,20260725_170127,1:1,2,小,小,对,2.263,2.276
508952,20260726 19:00,中国超级联赛,云南玉昆,深圳新鹏城,3.50,20260725_170127,4:3,7,大,小,错,3.475,3.651
508953,20260726 19:35,中国超级联赛,山东泰山,河南队,3.25,20260725_170127,1:2,3,小,小,对,3.342,3.360
508954,20260726 19:35,中国超级联赛,成都蓉城,北京国安,3.00,20260725_170127,2:2,4,大,大,对,3.269,3.268
509120,20260726 20:00,芬兰超级联赛,伊斯韦斯,拉迪,2.75,20260725_170127,1:0,1,小,大,错,3.071,3.026
509121,20260726 20:00,芬兰超级联赛,英特杜古,格尼斯坦,2.75,20260725_170127,1:2,3,大,小,错,2.889,2.850
509104,20260726 20:00,瑞典超级联赛,天狼星,哥登堡,3.50,20260725_170127,4:1,5,大,小,错,3.323,3.397
509103,20260726 20:00,瑞典超级联赛,庞马普卡纳,哈马比,3.25,20260725_170127,1:1,2,小,小,对,3.322,3.320
508955,20260726 20:00,中国超级联赛,浙江队,大连英博,3.25,20260725_170127,3:2,5,大,大,对,3.447,3.452
509133,20260726 20:30,挪威超级联赛,白兰恩,华拿伦加,3.25,20260725_170127,2:3,5,大,小,错,3.364,3.428
509122,20260726 22:00,芬兰超级联赛,赫尔辛基,TPS杜古,3.00,20260725_170127,-,-,,大,,3.203,3.237
510509,20260726 22:00,俄罗斯超级联赛,莫斯科火车头,艾卡马特,2.75,20260725_170127,-,-,,小,,2.872,2.826
510674,20260726 22:00,苏格兰联赛杯,圣美伦,邓弗姆林,3.00,20260725_170127,-,-,,大,,3.233,3.229
509106,20260726 22:30,瑞典超级联赛,马模,艾夫斯堡,2.75,20260725_170127,-,-,,大,,3.042,3.023
509105,20260726 22:30,瑞典超级联赛,加尔斯,咸史泰斯,3.00,20260725_170127,-,-,,小,,3.068,3.042
511348,20260726 22:30,球会友谊赛,卡斯鲁厄,国际米兰,3.50,20260726_040028,-,-,,小,,3.612,3.596
509134,20260726 23:00,挪威超级联赛,辛迪夫佐特,波杜基林特,3.50,20260725_170127,-,-,,小,,3.600,3.591
509136,20260726 23:00,挪威超级联赛,KFUM奥斯陆,莫迪,2.75,20260725_170127,-,-,,大,,3.001,2.973
509135,20260726 23:00,挪威超级联赛,萨普斯堡,咸卡姆,3.00,20260725_170127,-,-,,小,,3.117,3.097
510562,20260726 23:00,女子苏格兰联赛杯,马瑟韦尔女足,Montrose W,3.25,20260726_100028,-,-,,小,,3.369,3.394
511349,20260726 23:30,球会友谊赛,康城,罗马,3.50,20260726_040028,-,-,,大,,3.748,3.737
511341,20260726 23:59,球会友谊赛,拿玻里,卡拉雷斯,3.50,20260726_040028,-,-,,小,,3.641,3.634
510508,20260727 00:30,俄罗斯超级联赛,奥伦堡,罗斯托夫,2.25,20260725_170127,-,-,,小,,2.409,2.424
510510,20260727 00:30,俄罗斯超级联赛,卡山鲁宾,卡斯洛达,2.25,20260725_170127,-,-,,小,,2.290,2.284
510368,20260727 01:00,女子非洲国家杯,阿尔及利亚女足,塞内加尔女足,2.50,20260725_230030,-,-,,小,,2.306,2.553
509137,20260727 01:15,挪威超级联赛,阿利辛特,维京,3.50,20260725_170127,-,-,,小,,3.567,3.543
509332,20260727 01:55,乌拉圭甲组联赛,切洛,蒙特维多竞赛会,2.00,20260725_170127,-,-,,小,,2.082,2.079
509298,20260727 02:00,阿根廷甲组联赛,图库曼体育会,利华达维亚独立,2.00,20260725_170127,-,-,,大,,2.273,2.298
509252,20260727 03:00,巴西甲组联赛,巴希亚,哥连泰斯,2.50,20260725_170127,-,-,,小,,2.566,2.527
509253,20260727 03:00,巴西甲组联赛,高士路,保地花高,2.50,20260725_170127,-,-,,小,,2.610,2.578
509274,20260727 03:00,智利甲组联赛,纽柏莱斯,柏利斯天奴,2.25,20260725_170127,-,-,,大,,2.465,2.517
510046,20260727 03:00,巴西乙组联赛,基斯奥马,纽迪高,2.25,20260725_200029,-,-,,小,,2.399,2.427
510045,20260727 03:00,巴西乙组联赛,圣贝拿度,施亚拉,2.00,20260725_200029,-,-,,大,,2.157,2.140
510369,20260727 04:00,女子非洲国家杯,摩洛哥女足,肯尼亚女足,2.75,20260725_200029,-,-,,大,,3.087,3.050
509299,20260727 04:15,阿根廷甲组联赛,学生队,独立队,2.00,20260725_170127,-,-,,小,,2.066,2.073
509246,20260727 05:00,美国国家女子联赛,圣地牙哥海浪女足,西雅图王朝女足,2.50,20260725_170127,-,-,,大,,2.729,2.730
509255,20260727 05:30,巴西甲组联赛,法林明高,圣保罗,2.50,20260725_170127,-,-,,小,,2.640,2.609
509254,20260727 05:30,巴西甲组联赛,甘美奥,富明尼斯,2.50,20260725_170127,-,-,,小,,2.666,2.669
509256,20260727 05:30,巴西甲组联赛,巴拉干天奴,哥列迪巴,2.25,20260725_170127,-,-,,大,,2.681,2.589
509275,20260727 05:30,智利甲组联赛,奥达斯,智利大学,2.25,20260725_170127,-,-,,大,,2.439,2.487
510047,20260727 05:30,巴西乙组联赛,阿美利加明尼路,戈亚斯,2.00,20260725_200029,-,-,,小,,2.068,2.056
510048,20260727 05:30,巴西乙组联赛,隆德里纳,路禾利桑天奴,2.25,20260725_200029,-,-,,小,,2.370,2.398
509300,20260727 06:30,阿根廷甲组联赛,莱斯查,小保加,1.75,20260725_170127,-,-,,大,,1.912,1.823
509258,20260727 06:30,巴西甲组联赛,雷莫,维多利亚,2.25,20260725_170127,-,-,,大,,2.459,2.517
509257,20260727 06:30,巴西甲组联赛,彭美拉斯,明尼路,2.25,20260725_170127,-,-,,大,,2.460,2.517
509247,20260727 07:00,美国国家女子联赛,华盛顿精神女足,丹佛巅峰女足,2.75,20260725_170127,-,-,,大,,2.997,2.962
510636,20260727 07:00,墨西哥甲组联赛,塔巴迪奥,蓝十字希达高,2.75,20260725_170127,-,-,,大,,2.912,2.877
509283,20260727 07:00,墨西哥超级联赛,尼卡沙,蒙特雷,3.00,20260725_170127,-,-,,小,,3.122,3.103
509276,20260727 08:30,智利甲组联赛,康塞普森体育,奥希金斯,2.50,20260725_170127,-,-,,小,,2.639,2.589
509248,20260727 09:00,美国国家女子联赛,天使城女足,路易维尔竞赛女足,2.75,20260725_170127,-,-,,小,,2.876,2.834
509284,20260727 09:00,墨西哥超级联赛,帕丘卡,克雷塔罗,2.75,20260725_170127,-,-,,大,,2.983,2.983
509754,20260727 19:00,东南亚锦标赛,新加坡,东帝汶,3.75,20260726_180026,-,-,,大,,4.093,4.063
509755,20260727 21:30,东南亚锦标赛,印尼,柬埔寨,3.75,20260726_180026,-,-,,小,,3.768,4.063
509107,20260728 01:00,瑞典超级联赛,赫根,AIK苏纳,3.00,20260725_170127,-,-,,大,,3.265,3.266
509138,20260728 01:00,挪威超级联赛,洛辛堡,费德列斯达,2.75,20260725_170127,-,-,,小,,2.851,2.840
510531,20260728 01:00,女子非洲国家杯,南非女足,坦桑尼亚女足,2.75,20260726_180026,-,-,,大,,3.000,2.951
509914,20260728 01:00,瑞典女子超级联赛,域斯祖女足,Malmo W,3.00,20260726_215711,-,-,,小,,3.114,3.101
510530,20260728 04:00,女子非洲国家杯,科特迪瓦女足,布基纳法索女足,2.25,20260726_180026,-,-,,小,,2.408,2.437
510051,20260728 06:30,巴西乙组联赛,戈亚尼恩斯,奥柏拉里奥,2.25,20260725_200029,-,-,,小,,2.368,2.398
510049,20260728 06:30,巴西乙组联赛,利斯菲体育会,古亚巴,2.00,20260725_200029,-,-,,大,,2.159,2.148
510050,20260728 06:30,巴西乙组联赛,CRB,维拉诺瓦,2.25,20260725_200029,-,-,,大,,2.454,2.486
509269,20260728 07:00,智利甲组联赛,卡拉雷联,维拿迪马爱华顿,2.25,20260725_170127,-,-,,小,,2.375,2.467
510164,20260728 23:00,欧洲冠军联赛,古比斯,沙巴FC,2.50,20260726_180026,-,-,,小,,2.642,2.620
510165,20260728 23:59,欧洲冠军联赛,林肯红魔鬼,米赞比,2.75,20260726_180026,-,-,,大,,2.947,2.908
510166,20260729 02:00,欧洲冠军联赛,萨格勒布戴拿模,杜安,2.75,20260726_180026,-,-,,大,,2.994,2.961
510167,20260729 02:15,欧洲冠军联赛,施捷,伊格纳迪亚,2.75,20260726_180026,-,-,,大,,2.997,2.961
510168,20260729 02:45,欧洲冠军联赛,赫斯,格拉茨,3.00,20260726_180026,-,-,,小,,3.120,3.112
510169,20260729 03:00,欧洲冠军联赛,沙姆洛克流浪,艾拉华特阿美尼亚,2.75,20260726_180026,-,-,,小,,2.904,2.856
510100,20260729 06:00,南美球会杯,堤格雷,蒙特维多国民队,2.50,20260726_190029,-,-,,小,,2.628,2.620
510053,20260729 06:30,巴西乙组联赛,青年队,艾华尔,2.25,20260725_200029,-,-,,小,,2.328,2.360
510052,20260729 06:30,巴西乙组联赛,邦迪比达,米纳吉拉斯体育会,2.25,20260725_200029,-,-,,小,,2.291,2.323
510101,20260729 08:30,南美球会杯,山度士,委内瑞拉中央大学,3.00,20260726_190029,-,-,,小,,3.122,3.112
510054,20260729 08:35,巴西乙组联赛,科泰尼沙,保地花高SP,2.25,20260725_200029,-,-,,小,,2.367,2.398
510190,20260729 23:00,欧洲冠军联赛,卡拉特,奥摩尼亚,2.25,20260726_180026,-,-,,小,,2.384,2.418
510191,20260729 23:59,欧洲冠军联赛,考诺,基卡拉斯域卡,2.50,20260726_180026,-,-,,小,,2.581,2.566
510192,20260730 01:00,欧洲冠军联赛,列治普斯纳,阿晓斯,2.75,20260726_180026,-,-,,小,,2.881,2.856
510194,20260730 01:30,欧洲冠军联赛,卡拉奥华大学,索菲亚利夫斯基,2.25,20260726_180026,-,-,,大,,2.490,2.513
510193,20260730 01:30,欧洲冠军联赛,比亚斯华夏普尔,维京古,2.75,20260726_180026,-,-,,大,,2.979,2.940
510195,20260730 02:00,欧洲冠军联赛,扎布热矿工,费伦巴治,2.75,20260726_180026,-,-,,小,,2.848,2.805
510196,20260730 02:00,欧洲冠军联赛,贝尔格莱德红星,拉恩,3.75,20260726_180026,-,-,,大,,3.946,3.910
510197,20260730 02:15,欧洲冠军联赛,巴迪斯拉华,伊比利亚1999,3.00,20260726_180026,-,-,,小,,3.069,3.064
510102,20260730 06:00,南美球会杯,华斯高,麦德林独立,2.50,20260726_190029,-,-,,小,,2.544,2.577
510104,20260730 08:30,南美球会杯,施恩施雅奴,拉鲁斯,2.25,20260726_190029,-,-,,小,,2.382,2.436
510103,20260730 08:30,南美球会杯,巴拉干天奴,士砵亭水晶,3.00,20260726_190029,-,-,,小,,3.105,3.102
510299,20260730 23:59,欧洲联赛,特拉维夫马卡比,舒列夫,3.00,20260726_190029,-,-,,小,,3.132,3.130
510302,20260731 01:00,欧洲联赛,帕福斯,夏积杜克,2.50,20260726_190029,-,-,,小,,2.632,2.618
510300,20260731 01:00,欧洲联赛,米迪兰特,比锡达斯,2.75,20260726_190029,-,-,,大,,3.015,2.962
510301,20260731 01:00,欧洲联赛,贺拉戴克,特罗素,2.50,20260726_190029,-,-,,大,,2.688,2.674
510303,20260731 01:45,欧洲联赛,PAOK沙朗历基,基辅戴拿模,2.50,20260726_190029,-,-,,小,,2.645,2.641
510304,20260731 02:00,欧洲联赛,索菲亚中央陆军,卡拉巴克,2.25,20260726_190029,-,-,,小,,2.391,2.408
510306,20260731 02:30,欧洲联赛,费伦斯华路士,川迪,2.75,20260726_190029,-,-,,大,,2.979,2.940
510305,20260731 02:30,欧洲联赛,安德列治,哈马比,2.75,20260726_190029,-,-,,小,,2.835,2.792
510307,20260731 03:00,欧洲联赛,宾菲加,圣加伦,3.25,20260726_190029,-,-,,小,,3.297,3.314
510105,20260731 06:00,南美球会杯,甘美奥,玻利瓦尔,2.75,20260726_190029,-,-,,大,,3.038,3.003
510106,20260731 08:30,南美球会杯,卡拉卡斯,圣达菲,2.00,20260726_190029,-,-,,大,,2.245,2.225
510107,20260731 08:30,南美球会杯,奥希金斯,小保加,2.25,20260726_190029,-,-,,小,,2.250,2.298
